row,decimal,fitness,bitstring
16,15,4.00000000,0000000000001111
24,23,4.00000000,0000000000010111
28,27,4.00000000,0000000000011011
