row,decimal,fitness,bitstring
4,3,2.00000000,00000011
6,5,2.00000000,00000101
7,6,2.00000000,00000110
