seed,best_fitness,best_bitstring
1000,0.90658085,010001000
1001,0.90658085,010001000
1002,0.90658085,010001000
1003,0.90658085,010001000
1004,0.90658085,010001000
1005,0.90658085,010001000
1006,0.90658085,010001000
1007,0.90658085,010001000
1008,0.90658085,010001000
1009,0.90658085,010001000
