row,decimal,fitness,bitstring
16,15,4.00000000,0000000000001111
24,23,4.00000000,0000000000010111
28,27,4.00000000,0000000000011011
30,29,4.00000000,0000000000011101
31,30,4.00000000,0000000000011110
40,39,4.00000000,0000000000100111
44,43,4.00000000,0000000000101011
46,45,4.00000000,0000000000101101
47,46,4.00000000,0000000000101110
52,51,4.00000000,0000000000110011
