row,decimal,fitness,bitstring
479,479,0.76941142,0000000111011111
507,507,0.77858575,0000000111111011
