generation,mean_best_so_far
0,0.74928816
1,0.76261963
2,0.76611128
3,0.77073450
4,0.77537322
5,0.77761386
6,0.77858534
7,0.77858534
8,0.77858575
9,0.77858575
10,0.77858575
11,0.77858575
12,0.77858575
13,0.77858575
14,0.77858575
15,0.77858575
16,0.77858575
17,0.77858575
18,0.77858575
19,0.77858575
20,0.77858575
21,0.77858575
22,0.77858575
23,0.77858575
24,0.77858575
25,0.77858575
26,0.77858575
27,0.77858575
28,0.77858575
29,0.77858575
30,0.77858575
31,0.77858575
32,0.77858575
33,0.77858575
34,0.77858575
35,0.77858575
36,0.77858575
37,0.77858575
38,0.77858575
39,0.77858575
40,0.77858575
41,0.77858575
42,0.77858575
43,0.77858575
44,0.77858575
45,0.77858575
46,0.77858575
47,0.77858575
48,0.77858575
49,0.77858575
50,0.77858575
51,0.77858575
52,0.77858575
53,0.77858575
54,0.77858575
55,0.77858575
56,0.77858575
57,0.77858575
58,0.77858575
59,0.77858575
60,0.77858575
61,0.77858575
62,0.77858575
63,0.77858575
64,0.77858575
65,0.77858575
66,0.77858575
67,0.77858575
68,0.77858575
69,0.77858575
70,0.77858575
71,0.77858575
72,0.77858575
73,0.77858575
74,0.77858575
75,0.77858575
76,0.77858575
77,0.77858575
78,0.77858575
79,0.77858575
80,0.77858575
81,0.77858575
82,0.77858575
83,0.77858575
84,0.77858575
85,0.77858575
86,0.77858575
87,0.77858575
88,0.77858575
89,0.77858575
90,0.77858575
91,0.77858575
92,0.77858575
93,0.77858575
94,0.77858575
95,0.77858575
96,0.77858575
97,0.77858575
98,0.77858575
99,0.77858575
100,0.77858575
101,0.77858575
102,0.77858575
103,0.77858575
104,0.77858575
105,0.77858575
106,0.77858575
107,0.77858575
108,0.77858575
109,0.77858575
110,0.77858575
111,0.77858575
112,0.77858575
113,0.77858575
114,0.77858575
115,0.77858575
116,0.77858575
117,0.77858575
118,0.77858575
119,0.77858575
120,0.77858575
121,0.77858575
122,0.77858575
123,0.77858575
124,0.77858575
125,0.77858575
126,0.77858575
127,0.77858575
128,0.77858575
129,0.77858575
130,0.77858575
131,0.77858575
132,0.77858575
133,0.77858575
134,0.77858575
135,0.77858575
136,0.77858575
137,0.77858575
138,0.77858575
139,0.77858575
140,0.77858575
141,0.77858575
142,0.77858575
143,0.77858575
144,0.77858575
145,0.77858575
146,0.77858575
147,0.77858575
148,0.77858575
149,0.77858575
